id;typ;maszyna;operacja;nazwa_czesci;cecha;zuzycie
1;RS-22214 E/VX5A1;NP-440R;Kucie - Stanowisko  I;Wypychacz;LKw-5/1-11;1000000
2;RS-22214 E/VX5A1;NP-440R;Kucie - Ciêcie  i  podawanie  materia³u;NóŸ ucinaj¹cy;LKn-5a_5-26;500000
3;RS-22214 E/VX5A1;NP-440R;Kucie - Ciêcie  i  podawanie  materia³u;Tulejka tn¹ca;LKt-5a-6;500000
4;RS-22214 E/VX5A1;NP-440R;Kucie - Stanowisko  I;Gniazdo;LKm-5/1/3-18;250000
5;RS-22214 E/VX5A1;NP-440R;Kucie - Stanowisko  I;Wkladka matrycy;LKm-5/1/2-21;600000
6;RS-22214 E/VX5A1;NP-440R;Kucie - Stanowisko  I;Stempel;LKs-5/1-18C;300000
7;RS-22214 E/VX5A1;NP-440R;Kucie - Stanowisko  II;Wklad.matr.(walc.bar);LKm-5/2/1-19;400000
8;RS-22214 E/VX5A1;NP-440R;Kucie - Stanowisko  I;£apki podaj¹ce;LKy-5/1-16;300000
9;RS-22214 E/VX5A1;NP-440R;Kucie - Stanowisko  II;Wypychacz;LKw-5/1-11;1000000
10;RS-22214 E/VX5A1;NP-440R;Kucie - Stanowisko  II;Stempel;LKs-5/2-18;500000
11;RS-22214 E/VX5A1;NP-440R;Kucie - Stanowisko  II;Gniazdo;LKm-5/2/2-18;300000
12;RS-22214 E/VX5A1;NP-440R;Kucie - Stanowisko  II;£apki;LKy-5/2-17;600000
13;RS-22214 E/VX5A1;NP-440R;Kucie - Stanowisko  III;Wk³adka matrycy;LKm-5/3/1-27;400000
14;RS-22214 E/VX5A1;NP-440R;Kucie - Stanowisko  III;Gniazdo (bary³ki);LKm-5/3/2-18;1000000
15;RS-22214 E/VX5A1;NP-440R;Kucie - Stanowisko  III;£apki;LKy-5/3-17;600000
16;RS-22214 E/VX5A1;NP-440R;Kucie - Stanowisko  III;Wypychacz;LKw-5/3-29;1000000
17;RS-22214 E/VX5A1;NP-440R;Kucie - Stanowisko  III;Stempel;LKs-5/3-56;80000
18;RS-22214 E/VX5A1;NP-440R;Kucie - Stanowisko IV (matrycowe);Wk³adka matr.(bary³ki);LKm-5/4/2-25;70000
19;RS-22214 E/VX5A1;NP-440R;Kucie - Stanowisko IV (matrycowe);Wypychacz;LKw-5/4/1-13;600000
20;RS-22214 E/VX5A1;NP-440R;Kucie - Stanowisko IV (matrycowe);G³ówka wypychacza;LKw-5/4/2-5;600000
21;RS-22214 E/VX5A1;NP-440R;Kucie - Stanowisko IV (matrycowe);£apki;LKy-5/4-19;300000
22;RS-22214 E/VX5A1;NP-440R;Kucie - Stanowisko V (stemplowe);Wk³adka stem.(bary³ki);LKs-5/5/5-20;40000
23;RS-22214 E/VX5A1;NP-440R;Kucie - Stanowisko V (stemplowe);Wypychacz;LKw-5/5/1-34;70000
24;RS-22215 E/VX5A1;NP-440R;Kucie - Ciêcie  i  podawanie  materia³u;NóŸ ucinaj¹cy;LKn-5a_5-26;500000
25;RS-22215 E/VX5A1;NP-440R;Kucie - Ciêcie  i  podawanie  materia³u;Tulejka tn¹ca;LKt-5a-6;500000
26;RS-22215 E/VX5A1;NP-440R;Kucie - Stanowisko  I;Wypychacz;LKw-5/1-11;1000000
27;RS-22215 E/VX5A1;NP-440R;Kucie - Stanowisko  I;Wkladka matrycy;LKm-5/1/2-21;600000
28;RS-22215 E/VX5A1;NP-440R;Kucie - Stanowisko  I;Stempel;LKs-5/1-18C;250000
29;RS-22215 E/VX5A1;NP-440R;Kucie - Stanowisko  I;Gniazdo;LKm-5/1/3-18;250000
30;RS-22215 E/VX5A1;NP-440R;Kucie - Stanowisko  I;£apki podaj¹ce;LKy-5/1-16;300000
31;RS-22215 E/VX5A1;NP-440R;Kucie - Stanowisko  II;Wypychacz;LKw-5/1-11;1000000
32;RS-22215 E/VX5A1;NP-440R;Kucie - Stanowisko  II;Wklad.matr.(walc.bar);LKm-5/2/1-19;600000
33;RS-22215 E/VX5A1;NP-440R;Kucie - Stanowisko  II;Stempel;LKs-5/2-18;700000
34;RS-22215 E/VX5A1;NP-440R;Kucie - Stanowisko  II;Gniazdo;LKm-5/2/2-18;300000
35;RS-22215 E/VX5A1;NP-440R;Kucie - Stanowisko  II;£apki;LKy-5/2-17;600000
36;RS-22215 E/VX5A1;NP-440R;Kucie - Stanowisko  III;Wk³adka matrycy;LKm-5/3/1-27;400000
37;RS-22215 E/VX5A1;NP-440R;Kucie - Stanowisko  III;Gniazdo (bary³ki);LKm-5/3/2-18;1000000
38;RS-22215 E/VX5A1;NP-440R;Kucie - Stanowisko  III;£apki;LKy-5/3-17;600000
39;RS-22215 E/VX5A1;NP-440R;Kucie - Stanowisko IV (matrycowe);Wk³adka matr.(bary³ki);LKm-5/4/2-51;80000
40;RS-22215 E/VX5A1;NP-440R;Kucie - Stanowisko  III;Wypychacz;LKw-5/3-29;1000000
41;RS-22215 E/VX5A1;NP-440R;Kucie - Stanowisko IV (matrycowe);£apki;LKy-5/4-19;300000
42;RS-22215 E/VX5A1;NP-440R;Kucie - Stanowisko  III;Stempel;LKs-5/3-28;80000
43;RS-22215 E/VX5A1;NP-440R;Kucie - Stanowisko IV (matrycowe);Wypychacz;LKw-5/4/1-13;600000
44;RS-22215 E/VX5A1;NP-440R;Kucie - Stanowisko IV (matrycowe);G³ówka wypychacza;LKw-5/4/2-5;600000
45;RS-22215 E/VX5A1;NP-440R;Kucie - Stanowisko V (stemplowe);Wk³adka stem.(bary³ki);LKs-5/5/5-37;40000
46;RS-22215 E/VX5A1;NP-440R;Kucie - Stanowisko V (stemplowe);Wypychacz;LKw-5/5/1-29;70000
47;RS-22216 E/VX5A1;NP-440R;Kucie - Ciêcie  i  podawanie  materia³u;NóŸ ucinaj¹cy;LKn-5a_5-2;500000
48;RS-22216 E/VX5A1;NP-440R;Kucie - Ciêcie  i  podawanie  materia³u;Tulejka tn¹ca;LKt-5a-2;500000
49;RS-22216 E/VX5A1;NP-440R;Kucie - Stanowisko  I;Wypychacz;LKw-5-1-1;1000000
50;RS-22216 E/VX5A1;NP-440R;Kucie - Stanowisko  I;Wkladka matrycy;LKm-5-1-2-2;600000
51;RS-22216 E/VX5A1;NP-440R;Kucie - Stanowisko  I;Stempel;LKS-5-1-2C;200000
52;RS-22216 E/VX5A1;NP-440R;Kucie - Stanowisko  I;Gniazdo;LKm-5-1-3-34;450000
53;RS-22216 E/VX5A1;NP-440R;Kucie - Stanowisko  I;£apki podaj¹ce;LKY-5-1-22;300000
54;RS-22216 E/VX5A1;NP-440R;Kucie - Stanowisko  II;Wypychacz;LKw-5-1-1;1000000
55;RS-22216 E/VX5A1;NP-440R;Kucie - Stanowisko  II;Wklad.matr.(walc.bar);LKm-5-2-1-2;600000
56;RS-22216 E/VX5A1;NP-440R;Kucie - Stanowisko  II;Stempel;LKs-5/2-2;700000
57;RS-22216 E/VX5A1;NP-440R;Kucie - Stanowisko  II;Gniazdo;LKm-5-2-2-34;300000
58;RS-22216 E/VX5A1;NP-440R;Kucie - Stanowisko  II;£apki;LKy-5/2-23;600000
59;RS-22216 E/VX5A1;NP-440R;Kucie - Stanowisko  III;Wk³adka matrycy;LKm-5/3/1-2;400000
60;RS-22216 E/VX5A1;NP-440R;Kucie - Stanowisko  III;Gniazdo (bary³ki);LKm-5/3/2-17;1000000
61;RS-22216 E/VX5A1;NP-440R;Kucie - Stanowisko  III;£apki;LKy-5/3-23;600000
62;RS-22216 E/VX5A1;NP-440R;Kucie - Stanowisko  III;Wypychacz;LKw-5/3-28;1000000
63;RS-22216 E/VX5A1;NP-440R;Kucie - Stanowisko  III;Stempel;LKs-5/3-27;70000
64;RS-22216 E/VX5A1;NP-440R;Kucie - Stanowisko IV (matrycowe);Wk³adka matr.(bary³ki);LKm-5/4/2-48;80000
65;RS-22216 E/VX5A1;NP-440R;Kucie - Stanowisko IV (matrycowe);Wypychacz;LKw-5/4/1-13;600000
66;RS-22216 E/VX5A1;NP-440R;Kucie - Stanowisko IV (matrycowe);G³ówka wypychacza;LKw-5/4/2-5;600000
67;RS-22216 E/VX5A1;NP-440R;Kucie - Stanowisko IV (matrycowe);£apki;LKY-5-4-2;300000
68;RS-22216 E/VX5A1;NP-440R;Kucie - Stanowisko V (stemplowe);Wk³adka stem.(bary³ki);LKs-5/5/5-34;40000
69;RS-22216 E/VX5A1;NP-440R;Kucie - Stanowisko V (stemplowe);Wypychacz;LKw-5/5/1-26;70000
70;RS-22217 E/VX5A1;NP-440R;Kucie - Ciêcie  i  podawanie  materia³u;Tulejka tn¹ca;LKt-5a-21;500000
71;RS-22217 E/VX5A1;NP-440R;Kucie - Stanowisko  I;Wypychacz;LKw-5/1-5;1000000
72;RS-22217 E/VX5A1;NP-440R;Kucie - Ciêcie  i  podawanie  materia³u;NóŸ ucinaj¹cy;LKn-5a_5-30;500000
73;RS-22217 E/VX5A1;NP-440R;Kucie - Stanowisko  I;Wkladka matrycy;LKm-5/1/2-31;300000
74;RS-22217 E/VX5A1;NP-440R;Kucie - Stanowisko  I;Stempel;LKs-5/1-27C;210000
75;RS-22217 E/VX5A1;NP-440R;Kucie - Stanowisko  I;Gniazdo;LKm-5/1/3-27;210000
76;RS-22217 E/VX5A1;NP-440R;Kucie - Stanowisko  I;£apki podaj¹ce;LKy-5/1-24;300000
77;RS-22217 E/VX5A1;NP-440R;Kucie - Stanowisko  II;Wypychacz;LKw-5/1-5;1000000
78;RS-22217 E/VX5A1;NP-440R;Kucie - Stanowisko  II;Wklad.matr.(walc.bar);LKm-5/2/1-29;200000
79;RS-22217 E/VX5A1;NP-440R;Kucie - Stanowisko  II;Stempel;LKs-5/2-26;500000
80;RS-22217 E/VX5A1;NP-440R;Kucie - Stanowisko  II;Gniazdo;LKm-5/2/2-27;140000
81;RS-22217 E/VX5A1;NP-440R;Kucie - Stanowisko  II;£apki;LKy-5/2-25;600000
82;RS-22217 E/VX5A1;NP-440R;Kucie - Stanowisko  III;Wk³adka matrycy;LKm-5/3/1-31;250000
83;RS-22217 E/VX5A1;NP-440R;Kucie - Stanowisko  III;Gniazdo (bary³ki);LKm-5/3/2-21;1000000
84;RS-22217 E/VX5A1;NP-440R;Kucie - Stanowisko  III;£apki;LKy-5/3-24;600000
85;RS-22217 E/VX5A1;NP-440R;Kucie - Stanowisko  III;Wypychacz;LKw-5/3-32;1000000
86;RS-22217 E/VX5A1;NP-440R;Kucie - Stanowisko IV (matrycowe);Wk³adka matr.(bary³ki);LKm-5/4/2-49Y;40000
87;RS-22217 E/VX5A1;NP-440R;Kucie - Stanowisko  III;Stempel;LKs-5/3-31;500000
88;RS-22217 E/VX5A1;NP-440R;Kucie - Stanowisko IV (matrycowe);£apki;LKy-5/4-27;300000
89;RS-22217 E/VX5A1;NP-440R;Kucie - Stanowisko IV (matrycowe);Wypychacz;LKw-5/4/1-18;600000
90;RS-22217 E/VX5A1;NP-440R;Kucie - Stanowisko IV (matrycowe);G³ówka wypychacza;LKw-5/4/2-9;600000
91;RS-22217 E/VX5A1;NP-440R;Kucie - Stanowisko V (stemplowe);Wk³adka stem.(bary³ki);LKs-5/5/5-43A;40000
92;RS-22217 E/VX5A1;NP-440R;Kucie - Stanowisko V (stemplowe);Wypychacz;LKw-5/5/1-35;40000
93;RS-22311 E/VX5A1;NP-440R;Kucie - Ciêcie  i  podawanie  materia³u;NóŸ ucinaj¹cy;LKn-5a_5-9;500000
94;RS-22311 E/VX5A1;NP-440R;Kucie - Ciêcie  i  podawanie  materia³u;Tulejka tn¹ca;LKt-5a-8;500000
95;RS-22311 E/VX5A1;NP-440R;Kucie - Stanowisko  I;Wypychacz;LKw-5/1-5;1000000
96;RS-22311 E/VX5A1;NP-440R;Kucie - Stanowisko  I;Wkladka matrycy;LKm-5/1/2-9;200000
97;RS-22311 E/VX5A1;NP-440R;Kucie - Stanowisko  I;Stempel;LKs-5/1-9C;180000
98;RS-22311 E/VX5A1;NP-440R;Kucie - Stanowisko  I;Gniazdo;LKm-5/1/3-9;180000
99;RS-22311 E/VX5A1;NP-440R;Kucie - Stanowisko  I;£apki podaj¹ce;LKy-5/1-8;300000
100;RS-22311 E/VX5A1;NP-440R;Kucie - Stanowisko  II;Wypychacz;LKw-5/1-5;1000000
101;RS-22311 E/VX5A1;NP-440R;Kucie - Stanowisko  II;Stempel;LKs-5/2-9;50000
102;RS-22311 E/VX5A1;NP-440R;Kucie - Stanowisko  II;Wklad.matr.(walc.bar);LKm-5/2/1-9;200000
103;RS-22311 E/VX5A1;NP-440R;Kucie - Stanowisko  II;Gniazdo;LKm-5/2/2-9B;300000
104;RS-22311 E/VX5A1;NP-440R;Kucie - Stanowisko  II;£apki;LKy-5/2-8;600000
105;RS-22311 E/VX5A1;NP-440R;Kucie - Stanowisko  III;Wk³adka matrycy;LKm-5/3/1-34;200000
106;RS-22311 E/VX5A1;NP-440R;Kucie - Stanowisko  III;Wypychacz;LKw-5/1-5;1000000
107;RS-22311 E/VX5A1;NP-440R;Kucie - Stanowisko  III;Gniazdo (bary³ki);LKm-5/3/2-22;200000
108;RS-22311 E/VX5A1;NP-440R;Kucie - Stanowisko  III;£apki;LKy-5/3-8;600000
109;RS-22311 E/VX5A1;NP-440R;Kucie - Stanowisko  III;Stempel;LKs-5/3-35;30000
110;RS-22311 E/VX5A1;NP-440R;Kucie - Stanowisko IV (matrycowe);Wk³adka matr.(bary³ki);LKm-5/4/2-26;45000
111;RS-22311 E/VX5A1;NP-440R;Kucie - Stanowisko IV (matrycowe);Wypychacz;LKw-5/4/1-17;500000
112;RS-22311 E/VX5A1;NP-440R;Kucie - Stanowisko IV (matrycowe);G³ówka wypychacza;LKw-5/4/2-6;500000
113;RS-22311 E/VX5A1;NP-440R;Kucie - Stanowisko IV (matrycowe);£apki;LKy-5/4-9;300000
114;RS-22311 E/VX5A1;NP-440R;Kucie - Stanowisko V (stemplowe);Wk³adka stem.(bary³ki);LKs-5/5/5-21;60000
115;RS-22311 E/VX5A1;NP-440R;Kucie - Stanowisko V (stemplowe);Wypychacz;LKw-5/5/1-12;50000
116;RS-22312 E/VX5A1;NP-440R;Kucie - Ciêcie  i  podawanie  materia³u;NóŸ ucinaj¹cy;LKn-5a_5-36;500000
117;RS-22312 E/VX5A1;NP-440R;Kucie - Ciêcie  i  podawanie  materia³u;Tulejka tn¹ca;LKt-5a-25;500000
118;RS-22312 E/VX5A1;NP-440R;Kucie - Stanowisko  I;Wypychacz;LKw-5-1-5;1000000
119;RS-22312 E/VX5A1;NP-440R;Kucie - Stanowisko  I;Wkladka matrycy;LKm-5-1-2-41;300000
120;RS-22312 E/VX5A1;NP-440R;Kucie - Stanowisko  I;Stempel;LKs-5-1-33C;240000
121;RS-22312 E/VX5A1;NP-440R;Kucie - Stanowisko  I;Gniazdo;LKm-5-1-3-35;300000
122;RS-22312 E/VX5A1;NP-440R;Kucie - Stanowisko  I;£apki podaj¹ce;LKy-5-1-29;300000
123;RS-22312 E/VX5A1;NP-440R;Kucie - Stanowisko  II;Wypychacz;LKw-5-1-5;1000000
124;RS-22312 E/VX5A1;NP-440R;Kucie - Stanowisko  II;Stempel;LKs-5-2-32;130000
125;RS-22312 E/VX5A1;NP-440R;Kucie - Stanowisko  II;Wklad.matr.(walc.bar);LKm-5-2-1-38;200000
126;RS-22312 E/VX5A1;NP-440R;Kucie - Stanowisko  II;Gniazdo;LKm-5-2-2-35B;500000
127;RS-22312 E/VX5A1;NP-440R;Kucie - Stanowisko  II;£apki;LKy-5-2-28;600000
128;RS-22312 E/VX5A1;NP-440R;Kucie - Stanowisko  III;Wk³adka matrycy;LKm-5-3-1-51;140000
129;RS-22312 E/VX5A1;NP-440R;Kucie - Stanowisko  III;Wypychacz;LKw-5-1-5;1000000
130;RS-22312 E/VX5A1;NP-440R;Kucie - Stanowisko  III;Gniazdo (bary³ki);LKm-5-3-2-42;140000
131;RS-22312 E/VX5A1;NP-440R;Kucie - Stanowisko  III;£apki;LKy-5-3-27;600000
132;RS-22312 E/VX5A1;NP-440R;Kucie - Stanowisko IV (matrycowe);Wk³adka matr.(bary³ki);LKm-5-4-2-50;45000
133;RS-22312 E/VX5A1;NP-440R;Kucie - Stanowisko IV (matrycowe);Wypychacz;LKw-5-4-1-15;500000
134;RS-22312 E/VX5A1;NP-440R;Kucie - Stanowisko IV (matrycowe);G³ówka wypychacza;LKw-5-4-2-14;500000
135;RS-22312 E/VX5A1;NP-440R;Kucie - Stanowisko IV (matrycowe);£apki;LKy-5-4-31;300000
136;RS-22312 E/VX5A1;NP-440R;Kucie - Stanowisko  III;Stempel;LKs-5-3-53;1000000
137;RS-22312 E/VX5A1;NP-440R;Kucie - Stanowisko V (stemplowe);Wk³adka stem.(bary³ki);LKs-5-5-5-36;40000
138;RS-22312 E/VX5A1;NP-440R;Kucie - Stanowisko V (stemplowe);Wypychacz;LKw-5-5-1-28;40000
139;RS-23022 CC;NP-440R;Kucie - Ciêcie  i  podawanie  materia³u;NóŸ ucinaj¹cy;LKn-5a_5-31;500000
140;RS-23022 CC;NP-440R;Kucie - Ciêcie  i  podawanie  materia³u;Tulejka tn¹ca;LKt-5a-19;500000
141;RS-23022 CC;NP-440R;Kucie - Stanowisko  I;Wypychacz;LKw-5/1-2;1000000
142;RS-23022 CC;NP-440R;Kucie - Stanowisko  I;Wkladka matrycy;LKm-5/1/2-45;250000
143;RS-23022 CC;NP-440R;Kucie - Stanowisko  I;Stempel;LKs-5/1-32C;150000
144;RS-23022 CC;NP-440R;Kucie - Stanowisko  I;Gniazdo;LKm-5/1/3-24;200000
145;RS-23022 CC;NP-440R;Kucie - Stanowisko  I;£apki podaj¹ce;LKy-5/1-21;300000
146;RS-23022 CC;NP-440R;Kucie - Stanowisko  II;Wypychacz;LKw-5/1-2;1000000
147;RS-23022 CC;NP-440R;Kucie - Stanowisko  II;Wklad.matr.(walc.bar);LKm-5/2/1-43;250000
148;RS-23022 CC;NP-440R;Kucie - Stanowisko  II;Stempel;LKs-5/2-23;300000
149;RS-23022 CC;NP-440R;Kucie - Stanowisko  II;Gniazdo;LKm-5/2/2-24;150000
150;RS-23022 CC;NP-440R;Kucie - Stanowisko  II;£apki;LKy-5/2-22;600000
151;RS-23022 CC;NP-440R;Kucie - Stanowisko  III;Wk³adka matrycy;LKm-5/3/1-50;150000
152;RS-23022 CC;NP-440R;Kucie - Stanowisko  III;Gniazdo (bary³ki);LKm-5/3/2-39;300000
153;RS-23022 CC;NP-440R;Kucie - Stanowisko  III;£apki;LKy-5/3-22;600000
154;RS-23022 CC;NP-440R;Kucie - Stanowisko  III;Wypychacz;LKw-5/3-6;1000000
155;RS-23022 CC;NP-440R;Kucie - Stanowisko  III;Stempel;LKs-5/3-51;300000
156;RS-23022 CC;NP-440R;Kucie - Stanowisko IV (matrycowe);Wk³adka matr.(bary³ki);LKm-5/4/2-44;40000
157;RS-23022 CC;NP-440R;Kucie - Stanowisko IV (matrycowe);Wypychacz;LKw-5/4-35;400000
158;RS-23022 CC;NP-440R;Kucie - Stanowisko IV (matrycowe);G³ówka wypychacza;LKw-5/4/2-2;400000
159;RS-23022 CC;NP-440R;Kucie - Stanowisko IV (matrycowe);£apki;LKy-5/4-33;300000
160;RS-23022 CC;NP-440R;Kucie - Stanowisko V (stemplowe);Wk³adka stem.(bary³ki);LKs-5/5/5-30;40000
161;RS-23022 CC;NP-440R;Kucie - Stanowisko V (stemplowe);Wypychacz;LKw-5/5/1-22;40000
162;RS-23024 CC;NP-440R;Kucie - Ciêcie  i  podawanie  materia³u;NóŸ ucinaj¹cy;LKn-5a_5-38;500000
163;RS-23024 CC;NP-440R;Kucie - Ciêcie  i  podawanie  materia³u;Tulejka tn¹ca;LKt-5a-24;500000
164;RS-23024 CC;NP-440R;Kucie - Stanowisko  I;Wypychacz;LKw-5/1-10;1000000
165;RS-23024 CC;NP-440R;Kucie - Stanowisko  I;Wkladka matrycy;LKm-5/1/2-15;250000
166;RS-23024 CC;NP-440R;Kucie - Stanowisko  I;Stempel;LKs-5/1-30C;150000
167;RS-23024 CC;NP-440R;Kucie - Stanowisko  I;Gniazdo;LKm-5/1/3-33;200000
168;RS-23024 CC;NP-440R;Kucie - Stanowisko  II;Wypychacz;LKw-5/1-10;1000000
169;RS-23024 CC;NP-440R;Kucie - Stanowisko  I;£apki podaj¹ce;LKy-5/1-31;300000
170;RS-23024 CC;NP-440R;Kucie - Stanowisko  II;Wklad.matr.(walc.bar);LKm-5/2/1-40;250000
171;RS-23024 CC;NP-440R;Kucie - Stanowisko  II;Stempel;LKs-5/2-29B;300000
172;RS-23024 CC;NP-440R;Kucie - Stanowisko  II;Gniazdo;LKm-5/2/2-33;150000
173;RS-23024 CC;NP-440R;Kucie - Stanowisko  II;£apki;LKy-5/2-27;600000
174;RS-23024 CC;NP-440R;Kucie - Stanowisko  III;Wk³adka matrycy;LKm-5/3/1-53;150000
175;RS-23024 CC;NP-440R;Kucie - Stanowisko  III;Gniazdo (bary³ki);LKm-5/3/2-44;300000
176;RS-23024 CC;NP-440R;Kucie - Stanowisko  III;£apki;LKy-5/3-26;600000
177;RS-23024 CC;NP-440R;Kucie - Stanowisko  III;Wypychacz;LKw-5/3-47;1000000
178;RS-23024 CC;NP-440R;Kucie - Stanowisko IV (matrycowe);Wk³adka matr.(bary³ki);LKm-5/4/2-54;40000
179;RS-23024 CC;NP-440R;Kucie - Stanowisko  III;Stempel;LKs-5/3-52B;300000
180;RS-23024 CC;NP-440R;Kucie - Stanowisko IV (matrycowe);Wypychacz;LKw-5/4-37;400000
181;RS-23024 CC;NP-440R;Kucie - Stanowisko IV (matrycowe);G³ówka wypychacza;LKw-5/4/2-8;400000
182;RS-23024 CC;NP-440R;Kucie - Stanowisko IV (matrycowe);£apki;LKy-5/4-30;300000
183;RS-23024 CC;NP-440R;Kucie - Stanowisko V (stemplowe);Wk³adka stem.(bary³ki);LKs-5/5/5-40;40000
184;RS-23024 CC;NP-440R;Kucie - Stanowisko V (stemplowe);Wypychacz;LKw-5/5/1-32;40000
185;RS-23120 CC;NP-440R;Kucie - Ciêcie  i  podawanie  materia³u;NóŸ ucinaj¹cy;LKn-5a_5-37;500000
186;RS-23120 CC;NP-440R;Kucie - Ciêcie  i  podawanie  materia³u;Tulejka tn¹ca;LKt-5a-2;500000
187;RS-23120 CC;NP-440R;Kucie - Stanowisko  I;Wypychacz;LKw-5/1-11;1000000
188;RS-23120 CC;NP-440R;Kucie - Stanowisko  I;Wkladka matrycy;LKm-5/1/2-42;250000
189;RS-23120 CC;NP-440R;Kucie - Stanowisko  I;Stempel;LKs-5/1-34C;150000
190;RS-23120 CC;NP-440R;Kucie - Stanowisko  I;Gniazdo;LKm-5/1/3-36;200000
191;RS-23120 CC;NP-440R;Kucie - Stanowisko  I;£apki podaj¹ce;LKy-5/1-30;300000
192;RS-23120 CC;NP-440R;Kucie - Stanowisko  II;Wypychacz;LKw-5/1-11;1000000
193;RS-23120 CC;NP-440R;Kucie - Stanowisko  II;Wklad.matr.(walc.bar);LKm-5/2/1-39;250000
194;RS-23120 CC;NP-440R;Kucie - Stanowisko  II;Stempel;LKs-5/2-33B;300000
195;RS-23120 CC;NP-440R;Kucie - Stanowisko  II;£apki;LKy-5/2-23;600000
196;RS-23120 CC;NP-440R;Kucie - Stanowisko  II;Gniazdo;LKm-5/2/2-36;150000
197;RS-23120 CC;NP-440R;Kucie - Stanowisko  III;Wk³adka matrycy;LKm-5/3/1-52;150000
198;RS-23120 CC;NP-440R;Kucie - Stanowisko  III;Gniazdo (bary³ki);LKm-5/3/2-43;300000
199;RS-23120 CC;NP-440R;Kucie - Stanowisko  III;£apki;LKy-5/3-23;600000
200;RS-23120 CC;NP-440R;Kucie - Stanowisko  III;Wypychacz;LKw-5/3-49;1000000
201;RS-23120 CC;NP-440R;Kucie - Stanowisko  III;Stempel;LKs-5/3-54B;300000
202;RS-23120 CC;NP-440R;Kucie - Stanowisko IV (matrycowe);Wk³adka matr.(bary³ki);LKm-5/4/2-53;40000
203;RS-23120 CC;NP-440R;Kucie - Stanowisko IV (matrycowe);Wypychacz;LKw-5/4-44;300000
204;RS-23120 CC;NP-440R;Kucie - Stanowisko IV (matrycowe);G³ówka wypychacza;LKw-5/4/2-10;300000
205;RS-23120 CC;NP-440R;Kucie - Stanowisko IV (matrycowe);£apki;LKy-5/4-32;300000
206;RS-23120 CC;NP-440R;Kucie - Stanowisko V (stemplowe);Wk³adka stem.(bary³ki);LKs-5/5/5-39;40000
207;RS-23120 CC;NP-440R;Kucie - Stanowisko V (stemplowe);Wypychacz;LKw-5/5/1-31;40000
208;RS-23218 CC;NP-440R;Kucie - Ciêcie  i  podawanie  materia³u;NóŸ ucinaj¹cy;LKn-5a_5-30;500000
209;RS-23218 CC;NP-440R;Kucie - Ciêcie  i  podawanie  materia³u;Tulejka tn¹ca;LKt-5a-21;500000
210;RS-23218 CC;NP-440R;Kucie - Stanowisko  I;Wypychacz;LKw-5/1-5;1000000
211;RS-23218 CC;NP-440R;Kucie - Stanowisko  I;Wkladka matrycy;LKm-5/1/2-31;150000
212;RS-23218 CC;NP-440R;Kucie - Stanowisko  I;Stempel;LKs-5/1-27C;210000
213;RS-23218 CC;NP-440R;Kucie - Stanowisko  I;Gniazdo;LKm-5/1/3-27;150000
214;RS-23218 CC;NP-440R;Kucie - Stanowisko  I;£apki podaj¹ce;LKy-5/1-24;300000
215;RS-23218 CC;NP-440R;Kucie - Stanowisko  II;Wypychacz;LKw-5/1-5;1000000
216;RS-23218 CC;NP-440R;Kucie - Stanowisko  II;Wklad.matr.(walc.bar);LKm-5/2/1-29;150000
217;RS-23218 CC;NP-440R;Kucie - Stanowisko  II;Stempel;LKs-5/2-26B;500000
218;RS-23218 CC;NP-440R;Kucie - Stanowisko  II;Gniazdo;LKm-5/2/2-27;140000
219;RS-23218 CC;NP-440R;Kucie - Stanowisko  II;£apki;LKy-5/2-25;600000
220;RS-23218 CC;NP-440R;Kucie - Stanowisko  III;Wk³adka matrycy;LKm-5/3/1-54;250000
221;RS-23218 CC;NP-440R;Kucie - Stanowisko  III;Gniazdo (bary³ki);LKm-5/3/2-45;1000000
222;RS-23218 CC;NP-440R;Kucie - Stanowisko  III;Wypychacz;LKw-5/3-28;1000000
223;RS-23218 CC;NP-440R;Kucie - Stanowisko  III;£apki;LKy-5/3-24;600000
224;RS-23218 CC;NP-440R;Kucie - Stanowisko  III;Stempel;LKs-5/3-55B;500000
225;RS-23218 CC;NP-440R;Kucie - Stanowisko IV (matrycowe);Wk³adka matr.(bary³ki);LKm-5/4/2-55;40000
226;RS-23218 CC;NP-440R;Kucie - Stanowisko IV (matrycowe);Wypychacz;LKw-5/4-41;600000
227;RS-23218 CC;NP-440R;Kucie - Stanowisko IV (matrycowe);G³ówka wypychacza;LKw-5/4/2-6;600000
228;RS-23218 CC;NP-440R;Kucie - Stanowisko IV (matrycowe);£apki;LKy-5/4-34;300000
229;RS-23218 CC;NP-440R;Kucie - Stanowisko V (stemplowe);Wk³adka stem.(bary³ki);LKs-5/5/5-41;30000
230;RS-23218 CC;NP-440R;Kucie - Stanowisko V (stemplowe);Wypychacz;LKw-5/5/1-33;40000
231;RS-22218 E/VX5A1;NP-460R;Kucie - Ciêcie  i  podawanie  materia³u;NóŸ ucinaj¹cy;LKn-6A/5-24;500000
232;RS-22218 E/VX5A1;NP-460R;Kucie - Ciêcie  i  podawanie  materia³u;Tulejka tn¹ca;LKt-6-4;500000
233;RS-22218 E/VX5A1;NP-460R;Kucie - Stanowisko  I;Gniazdo;LKm-6/1/3-25X;250000
234;RS-22218 E/VX5A1;NP-460R;Kucie - Stanowisko  I;Wkladka matrycy;LKm-6/1/2-25;250000
235;RS-22218 E/VX5A1;NP-460R;Kucie - Stanowisko  I;Stempel;LKs-6/1-4C;150000
236;RS-22218 E/VX5A1;NP-460R;Kucie - Stanowisko  I;Wypychacz;LKw-6/1-11;500000
237;RS-22218 E/VX5A1;NP-460R;Kucie - Stanowisko  I;£apki podaj¹ce;LKy-6/1-4;300000
238;RS-22218 E/VX5A1;NP-460R;Kucie - Stanowisko  II;Gniazdo;LKm-6/2/2-25X;200000
239;RS-22218 E/VX5A1;NP-460R;Kucie - Stanowisko  II;Wklad.matr.(walc.bar);LKm-6/2/1-22;250000
240;RS-22218 E/VX5A1;NP-460R;Kucie - Stanowisko  II;Stempel;LKs-6/2-24;500000
241;RS-22218 E/VX5A1;NP-460R;Kucie - Stanowisko  II;Wypychacz;LKw-6/1-11;500000
242;RS-22218 E/VX5A1;NP-460R;Kucie - Stanowisko  II;£apki;LKy-6/2-4;600000
243;RS-22218 E/VX5A1;NP-460R;Kucie - Stanowisko  III;Stempel;LKs-6/3-4;500000
244;RS-22218 E/VX5A1;NP-460R;Kucie - Stanowisko  III;Gniazdo (bary³ki);LKm-6/3/2-12;600000
245;RS-22218 E/VX5A1;NP-460R;Kucie - Stanowisko  III;Wypychacz;LKw-6/3-25;500000
246;RS-22218 E/VX5A1;NP-460R;Kucie - Stanowisko  III;£apki;LKy-6/3-4;600000
247;RS-22218 E/VX5A1;NP-460R;Kucie - Stanowisko  III;Wk³adka matrycy;LKm-6/3/1-23;400000
248;RS-22218 E/VX5A1;NP-460R;Kucie - Stanowisko IV (matrycowe);Wk³adka matr.(bary³ki);LKm-6/4/2-25;50000
249;RS-22218 E/VX5A1;NP-460R;Kucie - Stanowisko IV (matrycowe);"Wypychacz (bary³ki ""E"")";LKw-6/4/1-6;500000
250;RS-22218 E/VX5A1;NP-460R;Kucie - Stanowisko IV (matrycowe);£apki (walc. I bar.);LKy-6/4/1-2;300000
251;RS-22218 E/VX5A1;NP-460R;Kucie - Stanowisko V (stemplowe);Wypychacz;LKw-6/5/1-1;25000
252;RS-22218 E/VX5A1;NP-460R;Kucie - Stanowisko V (stemplowe);Wk³adka stem.(bary³ki C);LKs-6/5/6-3;40000
253;RS-22219 E/VX5A1;NP-460R;Kucie - Ciêcie  i  podawanie  materia³u;NóŸ ucinaj¹cy;LKn-6A/5-26;500000
254;RS-22219 E/VX5A1;NP-460R;Kucie - Ciêcie  i  podawanie  materia³u;Tulejka tn¹ca;LKt-6-5;500000
255;RS-22219 E/VX5A1;NP-460R;Kucie - Stanowisko  I;Gniazdo;LKm-6/1/3-16;300000
256;RS-22219 E/VX5A1;NP-460R;Kucie - Stanowisko  I;Wkladka matrycy;LKm-6/1/2-16;300000
257;RS-22219 E/VX5A1;NP-460R;Kucie - Stanowisko  I;Stempel;LKs-6/1-25C;200000
258;RS-22219 E/VX5A1;NP-460R;Kucie - Stanowisko  I;Wypychacz;LKw-6/1-17;500000
259;RS-22219 E/VX5A1;NP-460R;Kucie - Stanowisko  I;£apki podaj¹ce;LKy-6/1-16;300000
260;RS-22219 E/VX5A1;NP-460R;Kucie - Stanowisko  II;Gniazdo;LKm-6/2/2-39;120000
261;RS-22219 E/VX5A1;NP-460R;Kucie - Stanowisko  II;Wklad.matr.(walc.bar);LKm-6/2/1-31;300000
262;RS-22219 E/VX5A1;NP-460R;Kucie - Stanowisko  II;Stempel;LKs-6/2-26;500000
263;RS-22219 E/VX5A1;NP-460R;Kucie - Stanowisko  II;Wypychacz;LKw-6/1-17;500000
264;RS-22219 E/VX5A1;NP-460R;Kucie - Stanowisko  II;£apki;LKy-6/2-16;600000
265;RS-22219 E/VX5A1;NP-460R;Kucie - Stanowisko  III;Stempel;LKs-6/3-36;500000
266;RS-22219 E/VX5A1;NP-460R;Kucie - Stanowisko  III;Gniazdo (bary³ki);LKm-6/3/2-21;300000
267;RS-22219 E/VX5A1;NP-460R;Kucie - Stanowisko  III;Wypychacz;LKw-6/3-25;500000
268;RS-22219 E/VX5A1;NP-460R;Kucie - Stanowisko  III;£apki;LKy-6/3-5;600000
269;RS-22219 E/VX5A1;NP-460R;Kucie - Stanowisko  III;Wk³adka matrycy;LKm-6/3/1-33;300000
270;RS-22219 E/VX5A1;NP-460R;Kucie - Stanowisko IV (matrycowe);Wk³adka matr.(bary³ki);LKm-6/4/2-21;70000
271;RS-22219 E/VX5A1;NP-460R;Kucie - Stanowisko IV (matrycowe);"Wypychacz (bary³ki ""E"")";LKw-6/4/1-3;400000
272;RS-22219 E/VX5A1;NP-460R;Kucie - Stanowisko IV (matrycowe);£apki (walc. I bar.);LKy-6/4/1-25;300000
273;RS-22219 E/VX5A1;NP-460R;Kucie - Stanowisko V (stemplowe);Wypychacz;LKw-6/5/1-8B;40000
274;RS-22219 E/VX5A1;NP-460R;Kucie - Stanowisko V (stemplowe);Wk³adka stem.(bary³ki C);LKs-6/5/6-11;60000
275;RS-22310 CE;NP-440R;Kucie - Ciêcie  i  podawanie  materia³u;NóŸ ucinaj¹cy;LKn-5a_5-2;500000
276;RS-22310 CE;NP-440R;Kucie - Ciêcie  i  podawanie  materia³u;Tulejka tn¹ca;LKt-5a-2;500000
277;RS-22310 CE;NP-440R;Kucie - Stanowisko  I;Wypychacz;LKw-5-1-1;1000000
278;RS-22310 CE;NP-440R;Kucie - Stanowisko  I;Wkladka matrycy;LKm-5-1-2-2;150000
279;RS-22310 CE;NP-440R;Kucie - Stanowisko  I;Stempel;LKS-5-1-2C;210000
280;RS-22310 CE;NP-440R;Kucie - Stanowisko  I;Gniazdo;LKm-5-1-3-34;176000
281;RS-22310 CE;NP-440R;Kucie - Stanowisko  I;£apki podaj¹ce;LKY-5-1-22;300000
282;RS-22310 CE;NP-440R;Kucie - Stanowisko  II;Wypychacz;LKw-5-1-1;1000000
283;RS-22310 CE;NP-440R;Kucie - Stanowisko  II;Wklad.matr.(walc.bar);LKm-5-2-1-2;146000
284;RS-22310 CE;NP-440R;Kucie - Stanowisko  II;Stempel;LKs-5/2-2;1000000
285;RS-22310 CE;NP-440R;Kucie - Stanowisko  II;Gniazdo;LKm-5-2-2-34;110000
286;RS-22310 CE;NP-440R;Kucie - Stanowisko  II;£apki;LKy-5/2-23;600000
287;RS-22310 CE;NP-440R;Kucie - Stanowisko  III;Wk³adka matrycy;LKm-5-3-1-35;150000
288;RS-22310 CE;NP-440R;Kucie - Stanowisko  III;Gniazdo (bary³ki);LKm-5-3-2-23;600000
289;RS-22310 CE;NP-440R;Kucie - Stanowisko  III;£apki;LKy-5/3-23;600000
290;RS-22310 CE;NP-440R;Kucie - Stanowisko  III;Wypychacz;LKw-5-3-37;1000000
291;RS-22310 CE;NP-440R;Kucie - Stanowisko  III;G³ówka wypychacza;LKw-5-3-2-32;1000000
292;RS-22310 CE;NP-440R;Kucie - Stanowisko  III;Stempel;LKs-5-3-36;600000
293;RS-22310 CE;NP-440R;Kucie - Stanowisko IV (matrycowe);Wk³adka matr.(bary³ki);LKm-5-4-2-29;40000
294;RS-22310 CE;NP-440R;Kucie - Stanowisko IV (matrycowe);Wypychacz;LKw-5-4-29;500000
295;RS-22310 CE;NP-440R;Kucie - Stanowisko IV (matrycowe);G³ówka wypychacza;LKw-5-4-2-29;500000
296;RS-22310 CE;NP-440R;Kucie - Stanowisko IV (matrycowe);£apki;LKY-5-4-2;300000
297;RS-22310 CE;NP-440R;Kucie - Stanowisko V (stemplowe);Wk³adka stem.(bary³ki);LKm-5-4-2-29;40000
298;RS-22310 CE;NP-440R;Kucie - Stanowisko V (stemplowe);Wypychacz;LKw-5-5-30;40000
299;RS-22313 E/VX5A1;NP-460R;Kucie - Ciêcie  i  podawanie  materia³u;NóŸ ucinaj¹cy;LKn-6A/5-38;500000
300;RS-22313 E/VX5A1;NP-460R;Kucie - Ciêcie  i  podawanie  materia³u;Tulejka tn¹ca;LKt-6-31;500000
301;RS-22313 E/VX5A1;NP-460R;Kucie - Stanowisko  I;Gniazdo;LKm-6/1/3-39;300000
302;RS-22313 E/VX5A1;NP-460R;Kucie - Stanowisko  I;Wkladka matrycy;LKm-6/1/2-41;300000
303;RS-22313 E/VX5A1;NP-460R;Kucie - Stanowisko  I;Stempel;LKs-6/1-38C;100000
304;RS-22313 E/VX5A1;NP-460R;Kucie - Stanowisko  I;Wypychacz;LKw-6/1-4;500000
305;RS-22313 E/VX5A1;NP-460R;Kucie - Stanowisko  I;£apki podaj¹ce;LKy-6/1-31;300000
306;RS-22313 E/VX5A1;NP-460R;Kucie - Stanowisko  II;Gniazdo;LKm-6/2/2-41B;300000
307;RS-22313 E/VX5A1;NP-460R;Kucie - Stanowisko  II;Wklad.matr.(walc.bar);LKm-6/2/1-33;300000
308;RS-22313 E/VX5A1;NP-460R;Kucie - Stanowisko  II;Stempel;LKs-6/2-37;100000
309;RS-22313 E/VX5A1;NP-460R;Kucie - Stanowisko  II;Wypychacz;LKw-6/1-4;500000
310;RS-22313 E/VX5A1;NP-460R;Kucie - Stanowisko  II;£apki;LKy-6/2-31;600000
311;RS-22313 E/VX5A1;NP-460R;Kucie - Stanowisko  III;Stempel;LKs-6/3-39B;400000
312;RS-22313 E/VX5A1;NP-460R;Kucie - Stanowisko  III;Gniazdo (bary³ki);LKm-6/3/2-24C;100000
313;RS-22313 E/VX5A1;NP-460R;Kucie - Stanowisko  III;Wypychacz;LKw-6/1-4;500000
314;RS-22313 E/VX5A1;NP-460R;Kucie - Stanowisko  III;£apki;LKy-6/3-31;600000
315;RS-22313 E/VX5A1;NP-460R;Kucie - Stanowisko  III;Wk³adka matrycy;LKm-6/3/1-36C;150000
316;RS-22313 E/VX5A1;NP-460R;Kucie - Stanowisko IV (matrycowe);Wk³adka matr.(bary³ki);LKm-6/4/2-24;40000
317;RS-22313 E/VX5A1;NP-460R;Kucie - Stanowisko IV (matrycowe);"Wypychacz (bary³ki ""E"")";LKw-6/4/1-4;150000
318;RS-22313 E/VX5A1;NP-460R;Kucie - Stanowisko IV (matrycowe);£apki (walc. I bar.);LKy-6/4/1-12;300000
319;RS-22313 E/VX5A1;NP-460R;Kucie - Stanowisko V (stemplowe);Wypychacz;LKw-6/5/1-11;30000
320;RS-22313 E/VX5A1;NP-460R;Kucie - Stanowisko V (stemplowe);Wk³adka stem.(bary³ki C);LKs-6/5/6-14;20000
321;RS-22314 E/VX5A1;NP-460R;Kucie - Ciêcie  i  podawanie  materia³u;NóŸ ucinaj¹cy;LKn-6A/5-17;500000
322;RS-22314 E/VX5A1;NP-460R;Kucie - Ciêcie  i  podawanie  materia³u;Tulejka tn¹ca;LKt-6-15;500000
323;RS-22314 E/VX5A1;NP-460R;Kucie - Stanowisko  I;Gniazdo;LKm-6/1/3-42;300000
324;RS-22314 E/VX5A1;NP-460R;Kucie - Stanowisko  I;Wkladka matrycy;LKm-6/1/2-44;300000
325;RS-22314 E/VX5A1;NP-460R;Kucie - Stanowisko  I;Stempel;LKs-6/1-41C;100000
326;RS-22314 E/VX5A1;NP-460R;Kucie - Stanowisko  I;Wypychacz;LKw-6/1-16;500000
327;RS-22314 E/VX5A1;NP-460R;Kucie - Stanowisko  I;£apki podaj¹ce;LKy-6/1-34;300000
328;RS-22314 E/VX5A1;NP-460R;Kucie - Stanowisko  II;Gniazdo;LKm-6/2/2-44B;300000
329;RS-22314 E/VX5A1;NP-460R;Kucie - Stanowisko  II;Wklad.matr.(walc.bar);LKm-6/2/1-36;300000
330;RS-22314 E/VX5A1;NP-460R;Kucie - Stanowisko  II;Stempel;LKs-6/2-40;70000
331;RS-22314 E/VX5A1;NP-460R;Kucie - Stanowisko  II;Wypychacz;LKw-6/1-16;500000
332;RS-22314 E/VX5A1;NP-460R;Kucie - Stanowisko  II;£apki;LKy-6/2-35;600000
333;RS-22314 E/VX5A1;NP-460R;Kucie - Stanowisko  III;Stempel;LKs-6/3-42;300000
334;RS-22314 E/VX5A1;NP-460R;Kucie - Stanowisko  III;Gniazdo (bary³ki);LKm-6/3/2-27X;150000
335;RS-22314 E/VX5A1;NP-460R;Kucie - Stanowisko  III;Wypychacz;LKw-6/1-16;500000
336;RS-22314 E/VX5A1;NP-460R;Kucie - Stanowisko  III;£apki;LKy-6/3-36;600000
337;RS-22314 E/VX5A1;NP-460R;Kucie - Stanowisko  III;Wk³adka matrycy;LKm-6/3/1-39X;200000
338;RS-22314 E/VX5A1;NP-460R;Kucie - Stanowisko IV (matrycowe);Wk³adka matr.(bary³ki);LKm-6/4/2-28;30000
339;RS-22314 E/VX5A1;NP-460R;Kucie - Stanowisko IV (matrycowe);"Wypychacz (bary³ki ""E"")";LKw-6/4/1-8;150000
340;RS-22314 E/VX5A1;NP-460R;Kucie - Stanowisko IV (matrycowe);£apki (walc. I bar.);LKy-6/4/1-28;300000
341;RS-22314 E/VX5A1;NP-460R;Kucie - Stanowisko V (stemplowe);Wypychacz;LKw-6/5/1-14;20000
342;RS-22314 E/VX5A1;NP-460R;Kucie - Stanowisko V (stemplowe);Wk³adka stem.(bary³ki C);LKs-6/5/6-17;30000
343;RS-22316 E;NP-460R;Kucie - Ciêcie  i  podawanie  materia³u;NóŸ ucinaj¹cy;LKn-6A-5-39;500000
344;RS-22316 E;NP-460R;Kucie - Ciêcie  i  podawanie  materia³u;Tulejka tn¹ca;LKt-6-9;500000
345;RS-22316 E;NP-460R;Kucie - Stanowisko  I;Gniazdo;LKm-6-1-3-41;300000
346;RS-22316 E;NP-460R;Kucie - Stanowisko  I;Wkladka matrycy;LKm-6-1-2-43;300000
347;RS-22316 E;NP-460R;Kucie - Stanowisko  I;Stempel;LKs-6-1-39C;100000
348;RS-22316 E;NP-460R;Kucie - Stanowisko  I;Wypychacz;LKw-6-1-2;500000
349;RS-22316 E;NP-460R;Kucie - Stanowisko  I;£apki podaj¹ce;LKy-6-1-9;300000
350;RS-22316 E;NP-460R;Kucie - Stanowisko  II;Gniazdo;LKm-6-2-2-43B;300000
351;RS-22316 E;NP-460R;Kucie - Stanowisko  II;Wklad.matr.(walc.bar);LKm-6-2-1-35;300000
352;RS-22316 E;NP-460R;Kucie - Stanowisko  II;Stempel;LKs-6-2-38;70000
353;RS-22316 E;NP-460R;Kucie - Stanowisko  II;Wypychacz;LKw-6-1-2;500000
354;RS-22316 E;NP-460R;Kucie - Stanowisko  II;£apki;Lky-6-2-33;600000
355;RS-22316 E;NP-460R;Kucie - Stanowisko  III;Stempel;LKs-6-3-41;300000
356;RS-22316 E;NP-460R;Kucie - Stanowisko  III;Gniazdo (bary³ki);LKm-6-3-2-25B;150000
357;RS-22316 E;NP-460R;Kucie - Stanowisko  III;Wypychacz;LKw-6-1-5;500000
358;RS-22316 E;NP-460R;Kucie - Stanowisko  III;£apki;Lky-6-3-34;600000
359;RS-22316 E;NP-460R;Kucie - Stanowisko  III;Wk³adka matrycy;LKm-6-3-1-37;200000
360;RS-22316 E;NP-460R;Kucie - Stanowisko IV (matrycowe);Wk³adka matr.(bary³ki);LKm-6-4-2-27;30000
361;RS-22316 E;NP-460R;Kucie - Stanowisko IV (matrycowe);"Wypychacz (bary³ki ""E"")";LKw-6-4-1-7;150000
362;RS-22316 E;NP-460R;Kucie - Stanowisko IV (matrycowe);£apki (walc. I bar.);Lky-6-4-1-26;300000
363;RS-22316 E;NP-460R;Kucie - Stanowisko V (stemplowe);Wypychacz;LKw-6-5-1-13X;20000
364;RS-22316 E;NP-460R;Kucie - Stanowisko V (stemplowe);Wk³adka stem.(bary³ki C);LKs-6-5-6-16;30000
365;RS-229856/VX430A;NP-460R;Kucie - Ciêcie  i  podawanie  materia³u;NóŸ ucinaj¹cy;LKn-6A/5-41;500000
366;RS-229856/VX430A;NP-460R;Kucie - Ciêcie  i  podawanie  materia³u;Tulejka tn¹ca;LKt-6-31;500000
367;RS-229856/VX430A;NP-460R;Kucie - Stanowisko  I;Gniazdo;LKm-6/1/3-43;300000
368;RS-229856/VX430A;NP-460R;Kucie - Stanowisko  I;Wkladka matrycy;LKm-6/1/2-45;250000
369;RS-229856/VX430A;NP-460R;Kucie - Stanowisko  I;Stempel;LKs-6/1-42C;50000
370;RS-229856/VX430A;NP-460R;Kucie - Stanowisko  I;Wypychacz;LKw-6/1-4;500000
371;RS-229856/VX430A;NP-460R;Kucie - Stanowisko  I;£apki podaj¹ce;LKy-6/1-31;300000
372;RS-229856/VX430A;NP-460R;Kucie - Stanowisko  II;Gniazdo;LKm-6/2/2-45;200000
373;RS-229856/VX430A;NP-460R;Kucie - Stanowisko  II;Wklad.matr.(walc.bar);LKm-6/2/1-37;250000
374;RS-229856/VX430A;NP-460R;Kucie - Stanowisko  II;Stempel;LKs-6/2-41B;250000
375;RS-229856/VX430A;NP-460R;Kucie - Stanowisko  II;Wypychacz;LKw-6/1-4;500000
376;RS-229856/VX430A;NP-460R;Kucie - Stanowisko  II;£apki;LKy-6/2-36;600000
377;RS-229856/VX430A;NP-460R;Kucie - Stanowisko  III;Stempel;LKs-6/3-43B;400000
378;RS-229856/VX430A;NP-460R;Kucie - Stanowisko  III;Gniazdo (bary³ki);LKm-6/3/2-28;300000
379;RS-229856/VX430A;NP-460R;Kucie - Stanowisko  III;Wypychacz;LKw-6/3-15;500000
380;RS-229856/VX430A;NP-460R;Kucie - Stanowisko  III;£apki;LKy-6/3-37;600000
381;RS-229856/VX430A;NP-460R;Kucie - Stanowisko  III;Wk³adka matrycy;LKm-6/3/1-40;300000
382;RS-229856/VX430A;NP-460R;Kucie - Stanowisko IV (matrycowe);Wk³adka matr.(bary³ki);LKm-6/4/2-29;40000
383;RS-229856/VX430A;NP-460R;Kucie - Stanowisko IV (matrycowe);Wypychacz;LKw-6/4-43;150000
384;RS-229856/VX430A;NP-460R;Kucie - Stanowisko IV (matrycowe);£apki (walc. I bar.);LKy-6/4/1-29;300000
385;RS-229856/VX430A;NP-460R;Kucie - Stanowisko V (stemplowe);Wypychacz;LKw-6/5/1-15;30000
386;RS-229856/VX430A;NP-460R;Kucie - Stanowisko V (stemplowe);Wk³adka stem.(bary³ki C);LKs-6/5/6-18;20000
387;RS-22208 CE;HSRH-500;Kucie;Gniazdo;LKs-4/7-2;150000
388;RS-22208 CE;HSRH-500;Kucie;Wk³adka matrycy;LKm-4/7-4;35000
389;RS-22208 CE;HSRH-500;Kucie;Wypychacz;LKw-4-28;1000000
390;RS-22208 CE;HSRH-500;Kucie;Tulejka tn¹ca;LKt-4-20;500000
391;RS-22208 CE;HSRH-500;Kucie;Nó¿ ucinaj¹cy;LKn-4-19;500000
392;RS-22208 CE;HSRH-500;Kucie;Wbijak ucinka;LKu-4-18;300000
393;RS-22208 CE;HSRH-500;Kucie;Wypychacz stempla;LKs-4/4-16;100000
394;RS-22210 CE;HSRH-500;Kucie;Gniazdo;LKs-4/7-1;300000
395;RS-22210 CE;HSRH-500;Kucie;Wk³adka matrycy;LKm-4/7-3;50000
396;RS-22210 CE;HSRH-500;Kucie;Wypychacz;LKw-4-24;1000000
397;RS-22210 CE;HSRH-500;Kucie;Tulejka tn¹ca;LKt-4-10;500000
398;RS-22210 CE;HSRH-500;Kucie;Nó¿ ucinaj¹cy;LKn-4-22;500000
399;RS-22210 CE;HSRH-500;Kucie;Wbijak ucinka;LKu-4-22;300000
400;RS-22210 CE;HSRH-500;Kucie;Wypychacz stempla;LKs-4/4-15;100000
401;RS-22213 CE;NAT-161;Kucie - Ciêcie  i  podawanie  materia³u;nó¿ - obudowa;LKn-8/1-3;2000000
402;RS-22213 CE;NAT-161;Kucie - Ciêcie  i  podawanie  materia³u;nó¿ - spiek;LKn-8/2-18;150000
403;RS-22213 CE;NAT-161;Kucie - Ciêcie  i  podawanie  materia³u;palec dolny;Lky-8/1-4;120000
404;RS-22213 CE;NAT-161;Kucie - Ciêcie  i  podawanie  materia³u;palec górny;Lky-8/2-29;120000
405;RS-22213 CE;NAT-161;Kucie - Ciêcie  i  podawanie  materia³u;tuleja tn¹ca prosta- obudowa;LKt-8/4-2;3000000
406;RS-22213 CE;NAT-161;Kucie - Ciêcie  i  podawanie  materia³u;tuleja tn¹ca - spiek prosty;LKt-8/5-15;300000
407;RS-22213 CE;NAT-161;Kucie - zestaw stempela i martycy;wypychacz;LKw-8/3-8;190000
408;RS-22213 CE;NAT-161;Kucie - zestaw stempela i martycy;tuleja plastikowa;LKw-8_1B-8PU;350000
409;RS-22213 CE;NAT-161;Kucie - zestaw stempela i martycy;Wk³adka;LKm-8/4/1-3;25000
410;RS-22214 E/VX5A1;NAT-161;Kucie - Ciêcie  i  podawanie  materia³u;nó¿ - obudowa;LKn-8/1-4;2000000
411;RS-22214 E/VX5A1;NAT-161;Kucie - Ciêcie  i  podawanie  materia³u;nó¿ - spiek;LKn-8/2-27;95000
412;RS-22214 E/VX5A1;NAT-161;Kucie - Ciêcie  i  podawanie  materia³u;palec dolny;Lky-8/1-4;120000
413;RS-22214 E/VX5A1;NAT-161;Kucie - Ciêcie  i  podawanie  materia³u;palec górny;Lky-8/2-29;130000
414;RS-22214 E/VX5A1;NAT-161;Kucie - Ciêcie  i  podawanie  materia³u;tuleja tn¹ca prosta- obudowa;LKt-8/4-2;3000000
415;RS-22214 E/VX5A1;NAT-161;Kucie - Ciêcie  i  podawanie  materia³u;tuleja tn¹ca - spiek prosty;LKt-8/5-15;300000
416;RS-22214 E/VX5A1;NAT-161;Kucie - zestaw stempela i martycy;wypychacz;LKw-8/3-10;400000
417;RS-22214 E/VX5A1;NAT-161;Kucie - zestaw stempela i martycy;tulejka plastikowa;LKw-8_1B-10PU;350000
418;RS-22214 E/VX5A1;NAT-161;Kucie - zestaw stempela i martycy;stempel dla konstrukcji E;LKs-8/3/1-34B;15500
419;RS-22214 E/VX5A1;NAT-161;Kucie - zestaw stempela i martycy;Wk³adka stemplowa monolit;LKs-8/9-6A;57000
420;RS-22214 E/VX5A1;NAT-161;Kucie - zestaw stempela i martycy;Wk³adka matrycowa monolit;LKm-8/8-6;45000
421;RS-22215 E/VX5A1;NAT-161;Kucie - Ciêcie  i  podawanie  materia³u;nó¿ - obudowa;LKn-8/1-4;2000000
422;RS-22215 E/VX5A1;NAT-161;Kucie - Ciêcie  i  podawanie  materia³u;nó¿ - spiek;LKn-8/2-27;95000
423;RS-22215 E/VX5A1;NAT-161;Kucie - Ciêcie  i  podawanie  materia³u;palec dolny;Lky-8/1-4;120000
424;RS-22215 E/VX5A1;NAT-161;Kucie - Ciêcie  i  podawanie  materia³u;palec górny;Lky-8/2-29;130000
425;RS-22215 E/VX5A1;NAT-161;Kucie - Ciêcie  i  podawanie  materia³u;tuleja tn¹ca prosta- obudowa;LKt-8/4-2;3000000
426;RS-22215 E/VX5A1;NAT-161;Kucie - Ciêcie  i  podawanie  materia³u;tuleja tn¹ca - spiek prosty;LKt-8/5-15;300000
427;RS-22215 E/VX5A1;NAT-161;Kucie - zestaw stempela i martycy;wypychacz;LKw-8/3-11;400000
428;RS-22215 E/VX5A1;NAT-161;Kucie - zestaw stempela i martycy;tulejka plastikowa;LKw-8_1B-11PU;350000
429;RS-22215 E/VX5A1;NAT-161;Kucie - zestaw stempela i martycy;stempel dla konstrukcji E;LKs-8/3/1-29A;15500
430;RS-22215 E/VX5A1;NAT-161;Kucie - zestaw stempela i martycy;Wk³adka stemplowa monolit;LKs-8/9-2;57000
431;RS-22215 E/VX5A1;NAT-161;Kucie - zestaw stempela i martycy;Wk³adka matrycowa monolit;LKm-8/8-2;45000
432;RS-22216 E/VX5A1;NAT-161;Kucie - Ciêcie  i  podawanie  materia³u;nó¿ - obudowa;LKn-8/1-4;2000000
433;RS-22216 E/VX5A1;NAT-161;Kucie - Ciêcie  i  podawanie  materia³u;nó¿ - spiek;LKn-8/2-24;95000
434;RS-22216 E/VX5A1;NAT-161;Kucie - Ciêcie  i  podawanie  materia³u;palec dolny;Lky-8/1-4;120000
435;RS-22216 E/VX5A1;NAT-161;Kucie - Ciêcie  i  podawanie  materia³u;palec górny;Lky-8/2-4;130000
436;RS-22216 E/VX5A1;NAT-161;Kucie - Ciêcie  i  podawanie  materia³u;tuleja tn¹ca prosta- obudowa;LKt-8/4-2;3000000
437;RS-22216 E/VX5A1;NAT-161;Kucie - Ciêcie  i  podawanie  materia³u;tuleja tn¹ca - spiek prosty;LKt-8/5-16;150000
438;RS-22216 E/VX5A1;NAT-161;Kucie - zestaw stempela i martycy;wypychacz;LKw-8/3-13;400000
439;RS-22216 E/VX5A1;NAT-161;Kucie - zestaw stempela i martycy;tulejka plastikowa;LKw-8/1B-13PU;350000
440;RS-22216 E/VX5A1;NAT-161;Kucie - zestaw stempela i martycy;stempel dla konstrukcji E;LKs-8/3/1-26B;15500
441;RS-22216 E/VX5A1;NAT-161;Kucie - zestaw stempela i martycy;Wk³adka stemplowa monolit;LKs-8/9-4;57000
442;RS-22216 E/VX5A1;NAT-161;Kucie - zestaw stempela i martycy;Wk³adka matrycowa monolit;LKm-8/8-4;45000
443;RS-22210 CC/VX581A46;NP-440R;Kucie - Ciêcie  i  podawanie  materia³u;NóŸ ucinaj¹cy;LKn-5A-5-19;
444;RS-22210 CC/VX581A46;NP-440R;Kucie - Ciêcie  i  podawanie  materia³u;Tulejka tn¹ca;LKt-5A-4;
445;RS-22210 CC/VX581A46;NP-440R;Kucie - Stanowisko  I;Wypychacz;LKw-5-1-4;
446;RS-22210 CC/VX581A46;NP-440R;Kucie - Stanowisko  I;Wkladka matrycy;LKm-5-1-2-22;
447;RS-22210 CC/VX581A46;NP-440R;Kucie - Stanowisko  I;Stempel;LKs-5-1-19;
448;RS-22210 CC/VX581A46;NP-440R;Kucie - Stanowisko  I;Gniazdo;LKm-5-1-3-19;
449;RS-22210 CC/VX581A46;NP-440R;Kucie - Stanowisko  I;£apki stanowisko 1;Lky-5-1-4;
450;RS-22210 CC/VX581A46;NP-440R;Kucie - Stanowisko  II;Wypychacz;LKw-5-1-4;
451;RS-22210 CC/VX581A46;NP-440R;Kucie - Stanowisko  II;Wkladka stanowisko 2 (walc.bar);LKm-5-2-1-20;
452;RS-22210 CC/VX581A46;NP-440R;Kucie - Stanowisko  II;Stempel;LKs-5-2-4;
453;RS-22210 CC/VX581A46;NP-440R;Kucie - Stanowisko  II;Gniazdo;LKm-5-2-2-19;
454;RS-22210 CC/VX581A46;NP-440R;Kucie - Stanowisko  II;£apki stanowisko 2;LKy-5-2-4;
455;RS-22210 CC/VX581A46;NP-440R;Kucie - Stanowisko  III;Wk³adka matrycy;LKm-5-3-1-19;
456;RS-22210 CC/VX581A46;NP-440R;Kucie - Stanowisko  III;Gniazdo (bary³ki);LKm-5-3-2-9;
457;RS-22210 CC/VX581A46;NP-440R;Kucie - Stanowisko  III;£apki stanowisko 3;LKY5-3-4;
458;RS-22210 CC/VX581A46;NP-440R;Kucie - Stanowisko  III;Wypychacz;LKw-5-3-36;
459;RS-22210 CC/VX581A46;NP-440R;Kucie - Stanowisko  III;Stempel;LKs-5-3-4;
460;RS-22210 CC/VX581A46;NP-440R;Kucie - Stanowisko IV (matrycowe);Wk³adka matr.(bary³ki);LKm-5-4-2-24;
461;RS-22210 CC/VX581A46;NP-440R;Kucie - Stanowisko IV (matrycowe);Wypychacz;LKw-5-4-27;
462;RS-22210 CC/VX581A46;NP-440R;Kucie - Stanowisko IV (matrycowe);£apki podaj¹ce - stanowisko IV;LKy-5-4-4;
463;RS-22210 CC/VX581A46;NP-440R;Kucie - Stanowisko V (stemplowe);Wk³adka matr.(bary³ki);LKm-5-4-2-24;
464;RS-22210 CC/VX581A46;NP-440R;Kucie - Stanowisko V (stemplowe);Wypychacz;LKw-5-5-28;40000
465;RS-22213 CC/VX581;NP-440R;Kucie - Ciêcie  i  podawanie  materia³u;NóŸ ucinaj¹cy;LKn-5A/5-25;500000
466;RS-22213 CC/VX581;NP-440R;Kucie - Ciêcie  i  podawanie  materia³u;Tulejka tn¹ca;LKt-5A-19;500000
467;RS-22213 CC/VX581;NP-440R;Kucie - Stanowisko  I;Wypychacz;LKw-5/1-2;1000000
468;RS-22213 CC/VX581;NP-440R;Kucie - Stanowisko  I;Wkladka matrycy;LKm-5/1/2-27;250000
469;RS-22213 CC/VX581;NP-440R;Kucie - Stanowisko  I;Stempel;LKs-5/1-24C;150000
470;RS-22213 CC/VX581;NP-440R;Kucie - Stanowisko  I;Gniazdo;LKm-5-1-3-24;150000
471;RS-22213 CC/VX581;NP-440R;Kucie - Stanowisko  I;£apki podaj¹ce;LKy-5-1-21;300000
472;RS-22213 CC/VX581;NP-440R;Kucie - Stanowisko  I;Wypychacz;LKw-5-1-2;500000
473;RS-22213 CC/VX581;NP-440R;Kucie - Stanowisko  II;Wklad.matr.(walc.bar);LKm-5-2-1-25;150000
474;RS-22213 CC/VX581;NP-440R;Kucie - Stanowisko  II;Stempel;LKs-5-2-23;150000
475;RS-22213 CC/VX581;NP-440R;Kucie - Stanowisko  II;Gniazdo;LKm-5-2-2-24;120000
476;RS-22213 CC/VX581;NP-440R;Kucie - Stanowisko  II;£apki;LKy-5-2-22;600000
477;RS-22213 CC/VX581;NP-440R;Kucie - Stanowisko  III;Wk³adka matrycy;LKm-5-3-1-26;150000
478;RS-22213 CC/VX581;NP-440R;Kucie - Stanowisko  III;Gniazdo (bary³ki);LKm-5-3-2-16;300000
479;RS-22213 CC/VX581;NP-440R;Kucie - Stanowisko  III;£apki;LKy-5-3-22;600000
480;RS-22213 CC/VX581;NP-440R;Kucie - Stanowisko  III;Wypychacz;LKw-5-3-35;500000
481;RS-22213 CC/VX581;NP-440R;Kucie - Stanowisko  III;Stempel;LKs-5-3-32;150000
482;RS-22213 CC/VX581;NP-440R;Kucie - Stanowisko IV (matrycowe);Wk³adka matr.(bary³ki);LKm-5-4-2-23;40000
483;RS-22213 CC/VX581;NP-440R;Kucie - Stanowisko IV (matrycowe);Wypychacz;LKw-5-4-26;300000
484;RS-22213 CC/VX581;NP-440R;Kucie - Stanowisko IV (matrycowe);G³ówka wypychacza;LKw-5-4-2-2;300000
485;RS-22213 CC/VX581;NP-440R;Kucie - Stanowisko IV (matrycowe);£apki;LKy-5-4-24;300000
486;RS-22213 CC/VX581;NP-440R;Kucie - Stanowisko V (stemplowe);Wk³adka matr.(bary³ki);LKm-5-4-2-23;40000
487;RS-22213 CC/VX581;NP-440R;Kucie - Stanowisko V (stemplowe);Wypychacz;LKw-5-5-27;40000
488;RS-22215 CC;NP-440R;Kucie - Ciêcie  i  podawanie  materia³u;NóŸ ucinaj¹cy;LKn-5A-5-25;500000
489;RS-22215 CC;NP-440R;Kucie - Ciêcie  i  podawanie  materia³u;Tulejka tn¹ca;LKt-5A-19;500000
490;RS-22215 CC;NP-440R;Kucie - Stanowisko  I;Wypychacz;LKw-5-1-2;500000
491;RS-22215 CC;NP-440R;Kucie - Stanowisko  I;Wkladka matrycy;LKm-5-1-2-27;250000
492;RS-22215 CC;NP-440R;Kucie - Stanowisko  I;Stempel;LKs-5-1-24C;150000
493;RS-22215 CC;NP-440R;Kucie - Stanowisko  I;Gniazdo;LKm-5-1-3-24;150000
494;RS-22215 CC;NP-440R;Kucie - Stanowisko  I;£apki podaj¹ce;LKy-5-1-21;300000
495;RS-22215 CC;NP-440R;Kucie - Stanowisko  I;Wypychacz;LKw-5-1-2;500000
496;RS-22215 CC;NP-440R;Kucie - Stanowisko  II;Wklad.matr.(walc.bar);LKm-5-2-1-25;150000
497;RS-22215 CC;NP-440R;Kucie - Stanowisko  II;Stempel;LKs-5-2-23;150000
498;RS-22215 CC;NP-440R;Kucie - Stanowisko  II;Gniazdo;LKm-5-2-2-24;120000
499;RS-22215 CC;NP-440R;Kucie - Stanowisko  II;£apki;LKy-5-2-22;600000
500;RS-22215 CC;NP-440R;Kucie - Stanowisko  III;Wk³adka matrycy;LKm-5-3-1-56;150000
501;RS-22215 CC;NP-440R;Kucie - Stanowisko  III;Gniazdo (bary³ki);LKm-5-3-2-47;300000
502;RS-22215 CC;NP-440R;Kucie - Stanowisko  III;£apki;LKy-5-3-22;600000
503;RS-22215 CC;NP-440R;Kucie - Stanowisko  III;Wypychacz;LKw-5-3-3;500000
504;RS-22215 CC;NP-440R;Kucie - Stanowisko  III;Stempel;LKs-5-3-41;150000
505;RS-22215 CC;NP-440R;Kucie - Stanowisko IV (matrycowe);Wk³adka matr.(bary³ki);LKm-5-4-2-35;40000
506;RS-22215 CC;NP-440R;Kucie - Stanowisko IV (matrycowe);Wypychacz;LKw-5-4-35;300000
507;RS-22215 CC;NP-440R;Kucie - Stanowisko IV (matrycowe);G³ówka wypychacza;LKw-5-4-2-2;300000
508;RS-22215 CC;NP-440R;Kucie - Stanowisko IV (matrycowe);£apki;LKy-5-4-24;300000
509;RS-22215 CC;NP-440R;Kucie - Stanowisko V (stemplowe);Wk³adka stem.(bary³ki);LKs-5-5-5-23;30000
510;RS-22215 CC;NP-440R;Kucie - Stanowisko V (stemplowe);Wypychacz;LKw-5-5-1-13;25000
511;RS-24015 CC;NP-440R;Kucie - Ciêcie  i  podawanie  materia³u;NóŸ ucinaj¹cy;LKn-5A-5-33;500000
512;RS-24015 CC;NP-440R;Kucie - Ciêcie  i  podawanie  materia³u;Tulejka tn¹ca;LKt-5A-23;500000
513;RS-24015 CC;NP-440R;Kucie - Stanowisko  I;Wypychacz;LKw-5-1-4;500000
514;RS-24015 CC;NP-440R;Kucie - Stanowisko  I;Wkladka matrycy;LKm-5-1-2-37;250000
515;RS-24015 CC;NP-440R;Kucie - Stanowisko  I;Stempel;LKs-5-1-31C;150000
516;RS-24015 CC;NP-440R;Kucie - Stanowisko  I;Gniazdo;LKm-5-1-3-30;150000
517;RS-24015 CC;NP-440R;Kucie - Stanowisko  I;£apki podaj¹ce;LKy-5-1-4;300000
518;RS-24015 CC;NP-440R;Kucie - Stanowisko  I;Wypychacz;LKw-5-1-4;500000
519;RS-24015 CC;NP-440R;Kucie - Stanowisko  II;Wklad.matr.(walc.bar);LKm-5-2-1-35;150000
520;RS-24015 CC;NP-440R;Kucie - Stanowisko  II;Stempel;LKs-5-2-30B;150000
521;RS-24015 CC;NP-440R;Kucie - Stanowisko  II;Gniazdo;LKm-5-2-2-30;120000
522;RS-24015 CC;NP-440R;Kucie - Stanowisko  II;£apki;LKy-5-2-4;600000
523;RS-24015 CC;NP-440R;Kucie - Stanowisko  III;Wk³adka matrycy;LKm-5-3-1-43;150000
524;RS-24015 CC;NP-440R;Kucie - Stanowisko  III;Gniazdo (bary³ki);LKm-5-3-2-33;300000
525;RS-24015 CC;NP-440R;Kucie - Stanowisko  III;£apki;LKy-5-3-4;600000
526;RS-24015 CC;NP-440R;Kucie - Stanowisko  III;Wypychacz;LKw-5-3-43;500000
527;RS-24015 CC;NP-440R;Kucie - Stanowisko  III;Stempel;LKs-5-3-45B;150000
528;RS-24015 CC;NP-440R;Kucie - Stanowisko IV (matrycowe);Wk³adka matr.(bary³ki);LKm-5-4-2-39;60000
529;RS-24015 CC;NP-440R;Kucie - Stanowisko IV (matrycowe);Wypychacz;LKw-5-4-38;300000
530;RS-24015 CC;NP-440R;Kucie - Stanowisko IV (matrycowe);£apki;LKy-5-4-36;300000
531;RS-24015 CC;NP-440R;Kucie - Stanowisko V (stemplowe);Wk³adka stem.(bary³ki);LKs-5-5-5-27;30000
532;RS-24015 CC;NP-440R;Kucie - Stanowisko V (stemplowe);Wypychacz;LKw-5-5-1-17;25000
533;RS-24020 CDC;NP-440R;Kucie - Ciêcie  i  podawanie  materia³u;NóŸ ucinaj¹cy;LKn-5A-5-35;500000
534;RS-24020 CDC;NP-440R;Kucie - Ciêcie  i  podawanie  materia³u;Tulejka tn¹ca;LKt-5A-9;500000
535;RS-24020 CDC;NP-440R;Kucie - Stanowisko  I;Wypychacz;LKw-5-1-6;500000
536;RS-24020 CDC;NP-440R;Kucie - Stanowisko  I;Wkladka matrycy;LKm-5-1-2-38;250000
537;RS-24020 CDC;NP-440R;Kucie - Stanowisko  I;Stempel;LKs-5-1-21C;150000
538;RS-24020 CDC;NP-440R;Kucie - Stanowisko  I;Gniazdo;LKm-5-1-3-31;150000
539;RS-24020 CDC;NP-440R;Kucie - Stanowisko  I;£apki podaj¹ce;LKy-5-1-9;300000
540;RS-24020 CDC;NP-440R;Kucie - Stanowisko  I;Wypychacz;LKw-5-1-6;500000
541;RS-24020 CDC;NP-440R;Kucie - Stanowisko  II;Wklad.matr.(walc.bar);LKm-5-2-1-36;250000
542;RS-24020 CDC;NP-440R;Kucie - Stanowisko  II;Stempel;LKs-5-2-31B;150000
543;RS-24020 CDC;NP-440R;Kucie - Stanowisko  II;Gniazdo;LKm-5-2-2-31;120000
544;RS-24020 CDC;NP-440R;Kucie - Stanowisko  II;£apki;LKy-5-2-19;600000
545;RS-24020 CDC;NP-440R;Kucie - Stanowisko  III;Wk³adka matrycy;LKm-5-3-1-45;150000
546;RS-24020 CDC;NP-440R;Kucie - Stanowisko  III;Gniazdo (bary³ki);LKm-5-3-2-35;300000
547;RS-24020 CDC;NP-440R;Kucie - Stanowisko  III;£apki;LKy-5-3-19;600000
548;RS-24020 CDC;NP-440R;Kucie - Stanowisko  III;Wypychacz;LKw-5-3-45;500000
549;RS-24020 CDC;NP-440R;Kucie - Stanowisko  III;Stempel;LKs-5-3-47B;150000
550;RS-24020 CDC;NP-440R;Kucie - Stanowisko IV (matrycowe);Wk³adka matr.(bary³ki);LKm-5-4-2-41;40000
551;RS-24020 CDC;NP-440R;Kucie - Stanowisko IV (matrycowe);Wypychacz;LKw-5-4-40;300000
552;RS-24020 CDC;NP-440R;Kucie - Stanowisko IV (matrycowe);£apki;LKy-5-4-38;300000
553;RS-24020 CDC;NP-440R;Kucie - Stanowisko V (stemplowe);Wk³adka stem.(bary³ki);LKs-5-5-5-29;30000
554;RS-24020 CDC;NP-440R;Kucie - Stanowisko V (stemplowe);Wypychacz;LKw-5-5-1-19;40000
555;RS-24022 CC;NP-440R;Kucie - Ciêcie  i  podawanie  materia³u;NóŸ ucinaj¹cy;LKn-5A-5-34;500000
556;RS-24022 CC;NP-440R;Kucie - Ciêcie  i  podawanie  materia³u;Tulejka tn¹ca;LKt-5A-24;500000
557;RS-24022 CC;NP-440R;Kucie - Stanowisko  I;Wypychacz;LKw-5-1-10;500000
558;RS-24022 CC;NP-440R;Kucie - Stanowisko  I;Wkladka matrycy;LKm-5-1-2-36;250000
559;RS-24022 CC;NP-440R;Kucie - Stanowisko  I;Stempel;LKs-5-1-30C;150000
560;RS-24022 CC;NP-440R;Kucie - Stanowisko  I;Gniazdo;LKm-5-1-3-33;150000
561;RS-24022 CC;NP-440R;Kucie - Stanowisko  I;£apki podaj¹ce;LKy-5-1-28;300000
562;RS-24022 CC;NP-440R;Kucie - Stanowisko  I;Wypychacz;LKw-5-1-10;500000
563;RS-24022 CC;NP-440R;Kucie - Stanowisko  II;Wklad.matr.(walc.bar);LKm-5-2-1-34;150000
564;RS-24022 CC;NP-440R;Kucie - Stanowisko  II;Stempel;LKs-5-2-29B;150000
565;RS-24022 CC;NP-440R;Kucie - Stanowisko  II;Gniazdo;LKm-5-2-2-33;120000
566;RS-24022 CC;NP-440R;Kucie - Stanowisko  II;£apki;LKy-5-2-27;600000
567;RS-24022 CC;NP-440R;Kucie - Stanowisko  III;Wk³adka matrycy;LKm-5-3-1-46;150000
568;RS-24022 CC;NP-440R;Kucie - Stanowisko  III;Gniazdo (bary³ki);LKm-5-3-2-41;300000
569;RS-24022 CC;NP-440R;Kucie - Stanowisko  III;£apki;LKy-5-3-26;600000
570;RS-24022 CC;NP-440R;Kucie - Stanowisko  III;Wypychacz;LKw-5-3-3;500000
571;RS-24022 CC;NP-440R;Kucie - Stanowisko  III;Stempel;LKs-5-3-52B;150000
572;RS-24022 CC;NP-440R;Kucie - Stanowisko IV (matrycowe);Wk³adka matr.(bary³ki);LKm-5-4-2-46;40000
573;RS-24022 CC;NP-440R;Kucie - Stanowisko IV (matrycowe);Wypychacz;LKw-5-4-43;300000
574;RS-24022 CC;NP-440R;Kucie - Stanowisko IV (matrycowe);£apki;LKy-5-4-30;300000
575;RS-24022 CC;NP-440R;Kucie - Stanowisko V (stemplowe);Wk³adka stem.(bary³ki);LKs-5-5-5-32X;30000
576;RS-24022 CC;NP-440R;Kucie - Stanowisko V (stemplowe);Wypychacz;LKw-5-5-1-24X;25000
577;RS-24118 CC;NP-440R;Kucie - Ciêcie  i  podawanie  materia³u;NóŸ ucinaj¹cy;LKn-5A-5-34;500000
578;RS-24118 CC;NP-440R;Kucie - Ciêcie  i  podawanie  materia³u;Tulejka tn¹ca;LKt-5A-24;500000
579;RS-24118 CC;NP-440R;Kucie - Stanowisko  I;Wypychacz;LKw-5-1-10;500000
580;RS-24118 CC;NP-440R;Kucie - Stanowisko  I;Wkladka matrycy;LKm-5-1-2-36;250000
581;RS-24118 CC;NP-440R;Kucie - Stanowisko  I;Stempel;LKs-5-1-30C;150000
582;RS-24118 CC;NP-440R;Kucie - Stanowisko  I;Gniazdo;LKm-5-1-3-33;150000
583;RS-24118 CC;NP-440R;Kucie - Stanowisko  I;£apki podaj¹ce;LKy-5-1-28;300000
584;RS-24118 CC;NP-440R;Kucie - Stanowisko  I;Wypychacz;LKw-5-1-10;500000
585;RS-24118 CC;NP-440R;Kucie - Stanowisko  II;Wklad.matr.(walc.bar);LKm-5-2-1-34;150000
586;RS-24118 CC;NP-440R;Kucie - Stanowisko  II;Stempel;LKs-5-2-29B;150000
587;RS-24118 CC;NP-440R;Kucie - Stanowisko  II;Gniazdo;LKm-5-2-2-33;120000
588;RS-24118 CC;NP-440R;Kucie - Stanowisko  II;£apki;LKy-5-2-27;600000
589;RS-24118 CC;NP-440R;Kucie - Stanowisko  III;Wk³adka matrycy;LKm-5-3-1-46;150000
590;RS-24118 CC;NP-440R;Kucie - Stanowisko  III;Gniazdo (bary³ki);LKm-5-3-2-36;300000
591;RS-24118 CC;NP-440R;Kucie - Stanowisko  III;£apki;LKy-5-3-26;600000
592;RS-24118 CC;NP-440R;Kucie - Stanowisko  III;Wypychacz;LKw-5-3-6;500000
593;RS-24118 CC;NP-440R;Kucie - Stanowisko  III;Stempel;LKs-5-3-52B;150000
594;RS-24118 CC;NP-440R;Kucie - Stanowisko IV (matrycowe);Wk³adka matr.(bary³ki);LKm-5-4-2-36;40000
595;RS-24118 CC;NP-440R;Kucie - Stanowisko IV (matrycowe);Wypychacz;LKw-5-4-35;300000
596;RS-24118 CC;NP-440R;Kucie - Stanowisko IV (matrycowe);£apki;LKy-5-4-30;300000
597;RS-24118 CC;NP-440R;Kucie - Stanowisko V (stemplowe);Wk³adka stem.(bary³ki);LKs-5-5-5-24;30000
598;RS-24118 CC;NP-440R;Kucie - Stanowisko V (stemplowe);Wypychacz;LKw-5-5-1-14;25000
599;RS-24120 CC;NP-440R;Kucie - Ciêcie  i  podawanie  materia³u;NóŸ ucinaj¹cy;LKn-5A-5-39;500000
600;RS-24120 CC;NP-440R;Kucie - Ciêcie  i  podawanie  materia³u;Tulejka tn¹ca;LKt-5A-13;500000
601;RS-24120 CC;NP-440R;Kucie - Stanowisko  I;Wypychacz;LKw-5-1-1;500000
602;RS-24120 CC;NP-440R;Kucie - Stanowisko  I;Wkladka matrycy;LKm-5-1-2-43;250000
603;RS-24120 CC;NP-440R;Kucie - Stanowisko  I;Stempel;LKs-5-1-35C;150000
604;RS-24120 CC;NP-440R;Kucie - Stanowisko  I;Gniazdo;LKm-5-1-3-37;150000
605;RS-24120 CC;NP-440R;Kucie - Stanowisko  I;£apki podaj¹ce;LKy-5-1-32;300000
606;RS-24120 CC;NP-440R;Kucie - Stanowisko  I;Wypychacz;LKw-5-1-6;500000
607;RS-24120 CC;NP-440R;Kucie - Stanowisko  II;Wklad.matr.(walc.bar);LKm-5-2-1-41;150000
608;RS-24120 CC;NP-440R;Kucie - Stanowisko  II;Stempel;LKs-5-2-1B;150000
609;RS-24120 CC;NP-440R;Kucie - Stanowisko  II;Gniazdo;LKm-5-2-2-1;120000
610;RS-24120 CC;NP-440R;Kucie - Stanowisko  II;£apki;LKy-5-2-29;600000
611;RS-24120 CC;NP-440R;Kucie - Stanowisko  III;Wk³adka matrycy;LKm-5-3-1-55;150000
612;RS-24120 CC;NP-440R;Kucie - Stanowisko  III;Gniazdo (bary³ki);LKm-5-3-2-46;300000
613;RS-24120 CC;NP-440R;Kucie - Stanowisko  III;£apki;LKy-5-3-1;600000
614;RS-24120 CC;NP-440R;Kucie - Stanowisko  III;Wypychacz ;LKw-5-3-53;500000
615;RS-24120 CC;NP-440R;Kucie - Stanowisko  III;Stempel;LKs-5-3-16B;150000
616;RS-24120 CC;NP-440R;Kucie - Stanowisko IV (matrycowe);Wk³adka matr.(bary³ki);LKm-5-4-2-56;40000
617;RS-24120 CC;NP-440R;Kucie - Stanowisko IV (matrycowe);Wypychacz;LKw-5-4-37;300000
618;RS-24120 CC;NP-440R;Kucie - Stanowisko IV (matrycowe);G³ówka wypychacza;LKw-5-4-2-8;300000
619;RS-24120 CC;NP-440R;Kucie - Stanowisko IV (matrycowe);£apki;LKy-5-4-35;300000
620;RS-24120 CC;NP-440R;Kucie - Stanowisko V (stemplowe);Wk³adka stem.(bary³ki);LKs-5-5-5-42;30000
621;RS-24120 CC;NP-440R;Kucie - Stanowisko V (stemplowe);Wypychacz;LKw-5-5-1-32;25000
622;RS-22218 CC;NP-440R;Kucie - Ciêcie  i  podawanie  materia³u;NóŸ ucinaj¹cy;LKn-5a-5-11;500000
623;RS-22218 CC;NP-440R;Kucie - Ciêcie  i  podawanie  materia³u;Tulejka tn¹ca;LKt-5a-10;500000
624;RS-22218 CC;NP-440R;Kucie - Stanowisko  I;Wypychacz;LKw-5-1-8;500000
625;RS-22218 CC;NP-440R;Kucie - Stanowisko  I;Wkladka matrycy;LKm-5-1-2-12;250000
626;RS-22218 CC;NP-440R;Kucie - Stanowisko  I;Stempel;LKs-5-1-12C;150000
627;RS-22218 CC;NP-440R;Kucie - Stanowisko  I;Gniazdo;LKm-5-1-3-12;150000
628;RS-22218 CC;NP-440R;Kucie - Stanowisko  I;£apki podaj¹ce;Lky-5-1-10;300000
629;RS-22218 CC;NP-440R;Kucie - Stanowisko  I;Wypychacz;LKw-5-1-8;1000000
630;RS-22218 CC;NP-440R;Kucie - Stanowisko  II;Wklad.matr.(walc.bar);LKm-5-2-1-12;150000
631;RS-22218 CC;NP-440R;Kucie - Stanowisko  II;Stempel;LKs-5-2-12;150000
632;RS-22218 CC;NP-440R;Kucie - Stanowisko  II;Gniazdo;LKm-5-2-2-12;120000
633;RS-22218 CC;NP-440R;Kucie - Stanowisko  II;£apki;Lky-5-2-11;600000
634;RS-22218 CC;NP-440R;Kucie - Stanowisko  III;Wk³adka matrycy;LKm-5-3-1-44;150000
635;RS-22218 CC;NP-440R;Kucie - Stanowisko  III;Gniazdo (bary³ki);LKm-5-3-2-34;300000
636;RS-22218 CC;NP-440R;Kucie - Stanowisko  III;£apki;Lky-5-3-11;600000
637;RS-22218 CC;NP-440R;Kucie - Stanowisko  III;Wypychacz;LKw-5-3-44;500000
638;RS-22218 CC;NP-440R;Kucie - Stanowisko  III;Stempel;LKs-5-3-46;150000
639;RS-22218 CC;NP-440R;Kucie - Stanowisko IV (matrycowe);Wk³adka matr.(bary³ki);LKm-5-4-2-40;40000
640;RS-22218 CC;NP-440R;Kucie - Stanowisko IV (matrycowe);Wypychacz;LKw-5-4-39;300000
641;RS-22218 CC;NP-440R;Kucie - Stanowisko IV (matrycowe);£apki;Lky-5-4-12;300000
642;RS-22218 CC;NP-440R;Kucie - Stanowisko V (stemplowe);Wk³adka stem.(bary³ki);LKs-5-5-5-28;30000
643;RS-22218 CC;NP-440R;Kucie - Stanowisko V (stemplowe);Wypychacz;LKw-5-5-1-18;25000
644;RS-23220 CC;NP-460R;Kucie - Ciêcie  i  podawanie  materia³u;Nó¿ ucinaj¹cy;LKn-6A-5-40;150000
645;RS-23220 CC;NP-460R;Kucie - Ciêcie  i  podawanie  materia³u;Tulejka tn¹ca;LKt-6-32;500000
646;RS-23220 CC;NP-460R;Kucie - Stanowisko  I;Gniazdo I;LKm-6-1-3-40;70000
647;RS-23220 CC;NP-460R;Kucie - Stanowisko  I;Wk³adka I;LKm-6-1-2-42;150000
648;RS-23220 CC;NP-460R;Kucie - Stanowisko  I;Stempel I;LKs-6-1-40C;35000
649;RS-23220 CC;NP-460R;Kucie - Stanowisko  I;Wypychacz I;LKw-6-1-4;150000
650;RS-23220 CC;NP-460R;Kucie - Stanowisko  I;£apki I;LKy-6-1-33;300000
651;RS-23220 CC;NP-460R;Kucie - Stanowisko  II;Gniazdo II;LKm-6-2-2-42;150000
652;RS-23220 CC;NP-460R;Kucie - Stanowisko  II;Wk³adka II;LKm-6-2-1-34;150000
653;RS-23220 CC;NP-460R;Kucie - Stanowisko  II;Stempel II;LKs-6-2-39B;150000
654;RS-23220 CC;NP-460R;Kucie - Stanowisko  I;Wypychacz I;LKw-6-1-4;150000
655;RS-23220 CC;NP-460R;Kucie - Stanowisko  II;£apki II;LKy-6-2-34;600000
656;RS-23220 CC;NP-460R;Kucie - Stanowisko  III;Stempel III;LKs-6-3-40B;150000
657;RS-23220 CC;NP-460R;Kucie - Stanowisko  III;Gniazdo III;LKm-6-3-2-26;150000
658;RS-23220 CC;NP-460R;Kucie - Stanowisko  III;Wypychacz III;LKw-6-3-37;150000
659;RS-23220 CC;NP-460R;Kucie - Stanowisko  III;£apki III;LKy-6-3-35;600000
660;RS-23220 CC;NP-460R;Kucie - Stanowisko  III;Wk³adka III;LKm-6-3-1-38;150000
661;RS-23220 CC;NP-460R;Kucie - Stanowisko IV (matrycowe);Wk³adka IV;LKm-6-4-2-26;150000
662;RS-23220 CC;NP-460R;Kucie - Stanowisko IV (matrycowe);Wypychacz IV;LKw-6-4-42;70000
663;RS-23220 CC;NP-460R;Kucie - Stanowisko IV (matrycowe);£apki IV;LKy-6-4-1-27;300000
664;RS-23220 CC;NP-460R;Kucie - Stanowisko V (stemplowe);Wypychacz V;LKw-6-5-1-12X;150000
665;RS-23220 CC;NP-460R;Kucie - Stanowisko V (stemplowe);Wk³adka V;LKs-6-5-6-15X;50000
